customer_id,customer_name,gender,age,street,zip_code,city,state,country,,,
1,Leanna Busson,Women,30,8606 Victoria TerraceSuite 560,5464,Johnstonhaven,Northern Territory,Australia,,,
2,Zabrina Harrowsmith,Men,69,8327 Kirlin SummitApt. 461,8223,New Zacharyfort,South Australia,Australia,,,
3,Shina Dullaghan,Women,59,269 Gemma SummitSuite 109,5661,Aliburgh,Australian Capital Territory,Australia,,,
4,Hewet McVitie,Women,67,743 Bailey GroveSuite 141,1729,South Justinhaven,Queensland,Australia,,,
5,Rubia Ashleigh,Women,30,48 Hyatt ManorSuite 375,4032,Griffithsshire,Queensland,Australia,,,
6,Cordey Tolcher,Men,40,7118 Mccullough SquareSuite 639,9996,Blakehaven,New South Wales,Australia,,,
7,Winslow Ewbanck,Women,76,92 Hills Station StApt. 683,793,Masonfurt,Queensland,Australia,,,
8,Marlowe Wynn,Men,75,383 Muller SummitSuite 809,7681,Samside,Northern Territory,Australia,,,
9,Brittaney Gontier,Men,51,57 Greenfelder HillApt. 077,2,Beierport,Northern Territory,Australia,,,
10,Susanetta Wilshin,Women,70,615 Hayley KnollSuite 454,2118,Joelburgh,Western Australia,Australia,,,
11,Michaeline McIndrew,Men,39,96 Daniel PlaceSuite 898,7400,Georgeland,Northern Territory,Australia,,,
12,Fedora Dmych,Women,78,66 Kayla MewsSuite 951,6334,Taylorburgh,South Australia,Australia,,,
13,Marabel Swinfon,Men,42,16 Kuhn LoopSuite 442,6170,Maddisonmouth,Queensland,Australia,,,
14,Chrissie Wackly,Women,36,403 Doherty RunSuite 497,2050,North Benjaminville,New South Wales,Australia,,,
15,Avril Rossiter,Men,34,254 Ali RidgeApt. 350,491,Kiehnburgh,Western Australia,Australia,,,
16,Gabbie Aldwinckle,Men,75,424 Mason PlaceApt. 181,6438,New Kai,Victoria,Australia,,,
17,Devonna Cutting,Men,32,29 Imogen CrestSuite 275,8309,Lake Graceside,Australian Capital Territory,Australia,,,
18,Chan Duchesne,Men,79,13 Bailey ManorApt. 848,7171,Walterland,New South Wales,Australia,,,
19,Chadwick Cruddas,Men,41,002 Beau PlazaApt. 308,7053,West Bailey,Victoria,Australia,,,
20,Gigi Kalaher,Men,55,2069 Phoebe MallApt. 543,6318,East Audrey,South Australia,Australia,,,
21,Seana Hearons,Women,31,93 Doherty MewsSuite 649,1133,South Callum,Tasmania,Australia,,,
22,Blayne Sabatier,Women,20,292 Casper IslandSuite 778,6624,Maxberg,Victoria,Australia,,,
23,Alair Grimwad,Women,32,682 Rose CircleApt. 514,1832,North Mia,Tasmania,Australia,,,
24,Rici Fogden,Men,49,75 Williamson MewsSuite 864,4359,Charliebury,Northern Territory,Australia,,,
25,Ernaline Luce,Men,75,02 Gabriella PlazaApt. 474,9311,Olivershire,Victoria,Australia,,,
26,Timothy Compston,Men,50,499 Darcy CrestApt. 192,8816,New Oliverside,New South Wales,Australia,,,
27,Jayme Turvie,Women,55,6578 Kayla AvenueSuite 812,3462,Lake Alanafort,Western Australia,Australia,,,
28,Hadley Baddam,Women,79,360 Heller DriveApt. 052,5820,West Noah,Queensland,Australia,,,
29,Tyrus Pitkaithly,Men,20,52 Kayla CircuitSuite 332,5308,North Matildamouth,Queensland,Australia,,,
30,Bernice Grindle,Women,38,612 Jessica TerraceApt. 847,7110,Jetttown,Australian Capital Territory,Australia,,,
31,Tammara Dionisetti,Women,36,471 Bahringer ManorApt. 236,756,Dickensberg,Northern Territory,Australia,,,
32,Devlin Labet,Men,32,98 Becker LoopApt. 567,1822,Port Archiemouth,Queensland,Australia,,,
33,Luca Hantusch,Men,44,639 Farrell HillSuite 093,4116,Chaseshire,South Australia,Australia,,,
34,Ninon Corteney,Women,55,09 Robinson SquareApt. 647,5387,Sauerfort,Western Australia,Australia,,,
35,Adamo Saddington,Men,80,3168 Bartoletti CrescentSuite 878,593,Port Lucas,Queensland,Australia,,,
36,Xever Giacomelli,Men,27,41 Durgan IslandApt. 820,5691,Hamishfurt,Queensland,Australia,,,
37,Zulema Teml,Men,75,3307 Walsh JunctionSuite 233,9751,Violetville,Western Australia,Australia,,,
38,Joly Hagley,Men,34,2958 Dooley Station StSuite 879,1920,Lake Lilly,Australian Capital Territory,Australia,,,
39,Legra Neaverson,Men,80,7440 Cameron Estate DrSuite 628,4622,North Victoriachester,Northern Territory,Australia,,,
40,Regan Gronaller,Women,59,9484 Amelia View RdApt. 760,9767,Port Claudia,New South Wales,Australia,,,
41,Hana Stitch,Men,65,647 Violet Estate DrSuite 364,4320,Port Ella,New South Wales,Australia,,,
42,Horatius Genever,Men,37,778 Wilkinson RidgeSuite 101,268,Gabriellatown,Victoria,Australia,,,
43,Rodie Klaiser,Women,34,75 Keeling JunctionSuite 483,1490,South Kaiview,Queensland,Australia,,,
44,Avivah Chipchase,Women,60,6308 Amelie MeadowSuite 634,9842,Eliburgh,Tasmania,Australia,,,
45,Vicki Stockwell,Men,27,3101 Thomson ManorApt. 600,1796,Leofurt,Australian Capital Territory,Australia,,,
46,Meris Twitty,Men,68,708 Daniel MeadowSuite 246,5087,Bartolettiside,Australian Capital Territory,Australia,,,
47,Jarrett Brumby,Women,54,59 Wood DriveSuite 806,9780,Lake Nicholasfurt,Western Australia,Australia,,,
48,Ronnie Shiril,Men,79,78 Nguyen MallApt. 116,4761,Heathcotemouth,New South Wales,Australia,,,
49,Shanna Pietrzyk,Women,56,30 Watson WayApt. 179,2511,Port Alyssa,Queensland,Australia,,,
50,Moore Oolahan,Men,63,13 Stokes SummitApt. 125,5725,East Aidan,Western Australia,Australia,,,
51,Kayley Brosoli,Women,52,59 Hand ManorApt. 544,6322,South Evaport,Northern Territory,Australia,,,
52,Marena Lockhart,Men,47,012 Cooper MallApt. 259,841,Chelseahaven,Victoria,Australia,,,
53,Reinhold Gooble,Men,51,9369 Casper Estate DrApt. 122,9225,Lake Kaylastad,South Australia,Australia,,,
54,Tore Caras,Men,62,2912 Adams JunctionSuite 740,5575,West Alyssa,Queensland,Australia,,,
55,Giles Kyne,Women,45,91 Angelina RidgeApt. 435,9871,Lake Phoenixside,South Australia,Australia,,,
56,Vinny Niland,Men,33,673 Amelie MewsApt. 346,6829,Brownburgh,New South Wales,Australia,,,
57,Anne-corinne Enrich,Men,65,84 Natalie RunSuite 762,614,Kellyshire,Australian Capital Territory,Australia,,,
58,Aurie Margett,Men,39,260 Lily PassSuite 549,2783,Amelieburgh,New South Wales,Australia,,,
59,Martita Quakley,Men,58,629 Hoppe BoulevardSuite 590,7934,Boylefort,New South Wales,Australia,,,
60,Hyacinth Pepper,Men,20,8095 Kuhlman StreetApt. 657,4907,New Callum,Tasmania,Australia,,,
61,Lin Avraam,Men,65,00 Zachary AvenueApt. 781,4358,Samuelland,South Australia,Australia,,,
62,Denice Ledrane,Women,32,049 Imogen StreetSuite 299,2404,New Beaumouth,Australian Capital Territory,Australia,,,
63,Kleon Trobey,Women,78,013 Edward ParadeApt. 499,5140,Kossfort,Victoria,Australia,,,
64,Annabella Devote,Men,75,4927 Alice MeadowApt. 960,7787,Sanfordborough,South Australia,Australia,,,
65,Bertine Puddefoot,Women,64,650 Gabriel MeadowSuite 946,5937,Feilchester,South Australia,Australia,,,
66,Vasili Shearston,Women,34,6677 Gemma PlazaApt. 314,964,South Elimouth,South Australia,Australia,,,
67,Reta Jefferies,Men,59,928 Johnson View RdApt. 583,5630,Lucamouth,South Australia,Australia,,,
68,Willa Gaisford,Women,23,373 Little JunctionApt. 299,6751,West Justin,Western Australia,Australia,,,
69,Tiphany Peacop,Women,79,473 Leo CourtSuite 784,8820,East Sofia,Victoria,Australia,,,
70,Dulcea Shrawley,Women,48,026 D'amore RunSuite 187,770,Codyview,Northern Territory,Australia,,,
71,Tana Pawley,Women,63,50 Stella CourtSuite 087,1365,Lake Holly,Western Australia,Australia,,,
72,Marinna Heal,Men,42,95 Justin PlaceApt. 441,5160,Braunhaven,Tasmania,Australia,,,
73,Jehanna Water,Women,48,672 Graham MewsApt. 407,5208,Monahanside,South Australia,Australia,,,
74,Tracy Ebenezer,Men,79,3263 Parisian PlaceSuite 811,7803,West Jesseton,Northern Territory,Australia,,,
75,Katinka Currier,Women,75,96 Caitlin HillSuite 366,9777,Smythland,South Australia,Australia,,,
76,Chandra Carine,Men,51,1805 Harry RoadApt. 445,2030,Hellermouth,New South Wales,Australia,,,
77,Angela Kester,Men,62,63 Tremblay BoulevardApt. 688,1102,Chloeville,South Australia,Australia,,,
78,Jethro Pollak,Men,38,7812 Towne GroveSuite 233,7232,Lake Alihaven,Northern Territory,Australia,,,
79,Persis Spiteri,Men,46,844 Alana LaneApt. 225,1862,Sofiaberg,Australian Capital Territory,Australia,,,
80,Opal Bermingham,Women,65,516 Grant RunSuite 000,6903,Port Mason,Victoria,Australia,,,
81,Lanny Wardale,Women,30,4870 Jackson SummitApt. 538,1915,Spencerborough,Western Australia,Australia,,,
82,Laina Baudains,Women,53,44 Oliver CourtApt. 045,9603,Elizabethfort,Northern Territory,Australia,,,
83,Kayne Fraczkiewicz,Men,40,9662 Isaac MallSuite 490,7525,Walshland,Northern Territory,Australia,,,
84,Minta Loble,Women,63,195 Wilson HillApt. 597,7587,Lake Paigemouth,Northern Territory,Australia,,,
85,Cornie Virr,Men,27,41 Feeney ParkwaySuite 074,4401,East Chelsea,Northern Territory,Australia,,,
86,Corinna Maystone,Women,76,040 Savannah GroveSuite 967,9337,Gleasonport,Tasmania,Australia,,,
87,Barbara-anne Salerg,Men,53,384 Hayley View RdSuite 949,1780,Savannahland,Northern Territory,Australia,,,
88,Kendall Jakubski,Men,78,331 Leah Station StSuite 445,3111,Port Liam,South Australia,Australia,,,
89,Matthiew Hinckes,Women,51,1290 Koch GroveApt. 799,1443,Lake Hannah,Queensland,Australia,,,
90,Warner Chevin,Women,40,89 Patrick CrescentSuite 049,6684,West Georgiachester,New South Wales,Australia,,,
91,Keen Murrhaupt,Women,72,110 Isaac JunctionApt. 205,7110,Lillyburgh,Victoria,Australia,,,
92,Hillary Guiness,Men,27,74 Eva TerraceSuite 247,564,Harrismouth,Queensland,Australia,,,
93,Law Foker,Men,66,4715 Hand View RdSuite 955,4739,Colestad,Queensland,Australia,,,
94,Otha Skein,Men,46,368 Morrison MeadowApt. 117,1037,East Isla,Western Australia,Australia,,,
95,Pierre Rockwill,Women,33,09 Doyle MallApt. 066,3891,Port Jordan,Western Australia,Australia,,,
96,Garvy Davioud,Men,41,461 Nader LaneApt. 460,2012,Hudsontown,New South Wales,Australia,,,
97,Dean McLarty,Women,39,6303 Nate BoulevardSuite 368,2815,North Ellabury,Northern Territory,Australia,,,
98,Kenyon Lemerle,Women,78,772 Chloe MeadowSuite 666,2945,East Siennaview,Queensland,Australia,,,
99,Benji Vineall,Men,75,468 Shields CircleApt. 480,296,Port Madelineberg,Tasmania,Australia,,,
100,Wilhelm Blaber,Men,69,093 Jessica AvenueSuite 154,768,Lake Callumville,Queensland,Australia,,,
